epoch,avg_reward,loss
0,-7.499999955296516,2.180093288421631
1,-7.514999955333769,2.09348726272583
2,-7.559999955445528,2.114837884902954
3,-7.522499955352396,1.8558675050735474
4,-7.535999955385924,1.6885497570037842
5,-7.493999955281615,1.7316668033599854
6,-7.349999954923987,1.540891170501709
7,-7.2359999546408655,1.4789360761642456
8,-6.941999953910709,1.4031944274902344
9,-6.569999952986836,0.8193863034248352
10,-6.275999952256679,0.8384237885475159
11,-5.585999950543046,0.6099923849105835
12,-4.475999947786331,0.6504358649253845
13,-3.653999945744872,0.5501505732536316
14,-2.548999942988157,0.5629109144210815
15,-1.1109999391436576,0.4626728296279907
16,0.27400006450712683,0.5086556077003479
17,1.0750000662356616,0.3990200161933899
18,2.4240000695735215,0.3613278865814209
19,3.205000072196126,0.33913135528564453
20,3.6760000728070734,0.27835211157798767
21,3.7810000725090505,0.22976140677928925
22,3.8070000708848237,0.2034267783164978
23,3.6970000690966844,0.16475814580917358
24,3.669000068679452,0.16545715928077698
25,3.5930000676959755,0.16561512649059296
26,3.647000068202615,0.1402628868818283
27,3.6820000702142717,0.22613969445228577
28,3.8090000730007887,0.19209541380405426
29,3.836000073477626,0.1611865907907486
30,4.048000076040625,0.1442871242761612
31,4.0330000758171085,0.1806110143661499
32,4.1030000753700735,0.15431274473667145
33,4.1030000745505095,0.09963466227054596
34,4.167000075429678,0.19598686695098877
35,4.04600007429719,0.13867990672588348
36,4.155000075921416,0.12968569993972778
37,4.1310000757128,0.143900066614151
38,4.3450000780820845,0.12084575742483139
39,4.349000077992677,0.14091743528842926
40,4.396000078320503,0.15973901748657227
41,4.435000079274178,0.17036668956279755
42,4.58900008097291,0.13922138512134552
43,4.436000079140067,0.14532750844955444
44,4.558000080659985,0.1452135592699051
45,4.701000082492828,0.13818353414535522
46,4.635000081583858,0.14003384113311768
47,4.641000081375242,0.1299927830696106
48,4.565000080540776,0.10787797719240189
49,4.611000080928206,0.10874474793672562
50,4.584000080525875,0.1135263442993164
51,4.657000081464648,0.1418822556734085
52,4.704000082015991,0.1586727350950241
53,4.806000083237887,0.12182136625051498
54,4.850000083893537,0.12023060023784637
55,4.810000083446503,0.1521741896867752
56,4.834000083655119,0.09978549927473068
57,4.836000083088875,0.09735599160194397
58,4.630000080764294,0.15648439526557922
59,4.680000081062317,0.11799535155296326
60,4.51300007916987,0.10192539542913437
61,4.475000079348684,0.14370372891426086
62,4.530000080317259,0.11877787113189697
63,4.452000079602003,0.07443327456712723
64,4.602000081390142,0.12191010266542435
65,4.780000083595514,0.1159050315618515
66,4.7980000834167,0.1168731227517128
67,4.930000084638595,0.14634154736995697
68,4.9890000852197405,0.11635139584541321
69,4.9660000850260255,0.14519107341766357
70,4.866000083833933,0.11962860822677612
71,4.827000083550811,0.09740453958511353
72,4.95800008520484,0.12210944294929504
73,4.789000083431602,0.09088927507400513
74,4.761000083014369,0.11275991797447205
75,4.890000084489584,0.12442325800657272
76,4.8440000839531425,0.12064271420240402
77,4.755000082626939,0.09402192384004593
78,4.748000082373619,0.09655967354774475
79,4.660000081509351,0.08035967499017715
80,4.627000080868601,0.07616911083459854
81,4.620000080615282,0.07592568546533585
82,4.745000081881881,0.08863618969917297
83,4.655000080987811,0.11055860668420792
84,4.7560000820457935,0.10335710644721985
85,4.730000081956387,0.11773744970560074
86,4.834000083357096,0.10430678725242615
87,4.808000082969666,0.1441860795021057
88,4.954000084847212,0.18042171001434326
89,4.981000085100532,0.11227768659591675
90,4.91700008444488,0.12344735115766525
91,4.956000084728003,0.16014356911182404
92,4.922000084221363,0.15749576687812805
93,5.055000085905195,0.1436174064874649
94,5.02300008572638,0.1936430037021637
95,5.2050000879913565,0.1625904142856598
96,5.338000089526177,0.14573147892951965
97,5.587000092193485,0.16115278005599976
98,5.719000093713403,0.17327825725078583
99,5.591000092253089,0.1521494835615158
100,5.30800008893013,0.11676682531833649
101,5.169000087305903,0.1180683821439743
102,5.070000086128712,0.11492870002985
103,4.7630000827461485,0.1859331578016281
104,4.910000084489584,0.12835945188999176
105,4.965000085011124,0.11527695506811142
106,5.085000086203218,0.12694944441318512
107,5.351000089123845,0.142728790640831
108,5.366000089347363,0.14864300191402435
109,5.443000090196729,0.17898401618003845
110,5.5070000908523795,0.1455460786819458
111,5.493000090643764,0.14762862026691437
112,5.489000090584159,0.1013670340180397
113,5.309000088497997,0.1431412249803543
114,5.41100008957088,0.12338698655366898
115,5.445000089928508,0.13763248920440674
116,5.306000088453293,0.156011700630188
117,5.253000087961555,0.14109289646148682
118,5.332000088840723,0.13873840868473053
119,5.243000087961555,0.09801340848207474
120,5.128000086694956,0.10085876286029816
121,5.146000086963177,0.15261594951152802
122,5.272000088244677,0.1575380563735962
123,5.279000088348985,0.18463772535324097
124,5.494000090807677,0.1544283628463745
125,5.575000091865658,0.13126836717128754
126,5.714000093638897,0.19042325019836426
127,5.679000092968344,0.15615713596343994
128,5.519000091180206,0.14173394441604614
129,5.490000090897083,0.12781506776809692
130,5.253000088408589,0.11733175069093704
131,5.338000089526177,0.1678047776222229
132,5.562000091969967,0.1730113923549652
133,5.543000091984868,0.23606233298778534
134,5.638000093102455,0.20220138132572174
135,5.71200009405613,0.17158080637454987
136,5.853000095561146,0.17559103667736053
137,5.885000095739961,0.14636822044849396
138,5.66500009290874,0.12320739775896072
139,5.910000095516443,0.22386479377746582
140,5.673000092729926,0.16019859910011292
141,5.628000092059374,0.14439831674098969
142,5.433000089749694,0.13179895281791687
143,5.513000090792775,0.14122797548770905
144,5.296000088602304,0.16190645098686218
145,5.048000085949898,0.15517058968544006
146,5.165000087246299,0.1409393846988678
147,5.409000090286136,0.189843088388443
148,5.441000090762973,0.15091286599636078
149,5.424000090360641,0.13563384115695953
150,5.642000093013048,0.1836790144443512
151,5.883000095412135,0.13079863786697388
152,6.04700009740889,0.18805062770843506
153,5.81400009483099,0.20442870259284973
154,5.85000009521842,0.231603741645813
155,5.795000094547868,0.1313541829586029
156,5.662000092864036,0.19457580149173737
157,5.561000091955066,0.1875101625919342
158,5.248000088185072,0.1460159868001938
159,5.404000090062619,0.16779939830303192
160,5.331000089123845,0.1580141931772232
161,5.549000091776252,0.19006885588169098
162,5.410000090301037,0.16385464370250702
163,5.374000089913607,0.15510137379169464
164,5.678000093400478,0.19024328887462616
165,5.996000097095966,0.20054103434085846
166,5.948000096529722,0.19965757429599762
167,5.788000094592571,0.2096596211194992
168,5.850000095069408,0.20030473172664642
169,5.968000096529722,0.1926218867301941
170,5.8550000954419374,0.1699032336473465
171,5.757000094428658,0.18398070335388184
172,5.69800009354949,0.1756400614976883
173,5.7390000941604375,0.154307559132576
174,5.585000092610716,0.1708424687385559
175,5.452000091075897,0.1439729928970337
176,5.240000088363886,0.1547134816646576
177,5.303000089004636,0.14026528596878052
178,5.508000091612339,0.16669334471225739
179,5.526000091582537,0.14688421785831451
180,5.4190000902861355,0.14600172638893127
181,5.537000091597438,0.13576097786426544
182,5.929000095948577,0.18654873967170715
183,6.004000096768141,0.236385777592659
184,6.009000096693635,0.20046111941337585
185,5.8980000954866405,0.16488319635391235
186,5.79800009444356,0.1519744098186493
187,6.02900009714067,0.25884324312210083
188,6.123000098094344,0.19943082332611084
189,5.8950000954419375,0.14242587983608246
190,5.853000095114112,0.16704674065113068
191,5.883000095412135,0.1517559140920639
192,5.89600009560585,0.21867907047271729
193,6.105000097975135,0.1821637600660324
194,6.302000100165605,0.20842331647872925
195,6.109000098183751,0.189181387424469
196,6.043000097647309,0.18406130373477936
197,6.222000099718571,0.20317025482654572
198,6.245000100061297,0.17175590991973877
199,5.877000095918775,0.1419253945350647
200,5.742000094354153,0.21677832305431366
201,6.110000098496675,0.20366856455802917
202,6.332000101059675,0.2869904637336731
203,6.325000100955367,0.17501188814640045
204,6.362000101357698,0.19963563978672028
205,6.285000100359321,0.18188899755477905
206,6.655000104680657,0.22177192568778992
207,6.646000104397535,0.25636759400367737
208,6.622000103890896,0.18464824557304382
209,6.743000105246901,0.29221901297569275
210,6.828000106215477,0.24859637022018433
211,6.7700001055002215,0.22793173789978027
212,6.751000105217099,0.2270730435848236
213,6.566000103056431,0.25656455755233765
214,6.312000100314617,0.22699564695358276
215,6.454000101685524,0.1796235591173172
216,6.161000098213553,0.1967909038066864
217,6.032000096738338,0.20524862408638
218,6.0640000972151755,0.21904447674751282
219,6.125000098124146,0.20091800391674042
220,6.019000096693635,0.19125542044639587
221,6.194000099003315,0.1719561219215393
222,5.881000095531345,0.14713352918624878
223,5.929000095948577,0.20353196561336517
224,6.093000097796321,0.188979834318161
225,6.099000097587704,0.22723238170146942
226,6.590000103265047,0.19593219459056854
227,6.8430001061409715,0.1906275600194931
228,6.80600010573864,0.21901077032089233
229,6.7420001050829885,0.24248380959033966
230,6.760000105500222,0.2080353945493698
231,6.737000105157494,0.17301303148269653
232,6.6370001041144135,0.19967222213745117
233,6.35000010073185,0.23409503698349
234,6.468000102043152,0.21648184955120087
235,6.294000099897385,0.2002558559179306
236,6.458000101745129,0.23561011254787445
237,6.730000104755163,0.23803073167800903
238,6.838000106215477,0.2277158945798874
239,6.816000106036663,0.23209646344184875
240,6.7610001056641345,0.21668319404125214
241,6.383000101074576,0.19366006553173065
242,6.545000103339553,0.19891290366649628
243,6.45500010214746,0.19794532656669617
244,6.1900000992417334,0.22813566029071808
245,6.240000099688769,0.23121832311153412
246,6.21400009945035,0.24210694432258606
247,6.440000101923943,0.2290373593568802
248,6.48100010253489,0.18892374634742737
249,6.570000103414059,0.22788242995738983
250,6.678000104725361,0.19913987815380096
251,6.6830001045018435,0.15877172350883484
252,6.6150001037865875,0.2133731096982956
253,6.357000100836157,0.1781759411096573
254,6.256000099778175,0.17814190685749054
255,6.564000103622675,0.20241987705230713
256,6.359000101163983,0.2051108032464981
257,6.183000099137425,0.20808300375938416
258,6.38200010150671,0.23747758567333221
259,6.295000100508332,0.20344336330890656
260,6.503000102862716,0.2216387242078781
261,6.472000102549791,0.20912045240402222
262,6.417000101730228,0.22821782529354095
263,6.6310001043230296,0.20694608986377716
264,6.8820001071691514,0.24247723817825317
265,6.950000107884407,0.29109829664230347
266,7.070000109225512,0.28532975912094116
267,7.055000109151006,0.20936045050621033
268,6.9610001078993085,0.26123109459877014
269,7.110000109374523,0.21808476746082306
270,7.106000109314919,0.2294379323720932
271,6.854000106304884,0.2568614184856415
272,6.59100010342896,0.20785008370876312
273,6.267000099793076,0.22972184419631958
274,6.240000099390745,0.21761806309223175
275,6.522000102847815,0.23088788986206055
276,6.376000101417303,0.21384459733963013
277,6.093000098243356,0.19488883018493652
278,6.189000099375844,0.21733878552913666
279,6.336000100970268,0.2707773447036743
280,6.3670001012831925,0.26658210158348083
281,6.469000102356076,0.24513943493366241
282,6.380000101178885,0.2716253399848938
283,6.428000101745129,0.2419458031654358
284,6.67000010445714,0.23012027144432068
285,6.752000105530024,0.2961204946041107
286,6.945000107511878,0.29745906591415405
287,7.335000111684203,0.22129787504673004
288,7.549000114277005,0.25011512637138367
289,7.470000113397837,0.30071088671684265
290,7.489000113382936,0.21054968237876892
291,7.49000011369586,0.24303439259529114
292,7.29500011138618,0.22205309569835663
293,6.94100010715425,0.2050723284482956
294,6.87500010676682,0.23587219417095184
295,6.601000103726983,0.22675049304962158
296,6.376000101268292,0.2032041698694229
297,6.418000101745129,0.20354785025119781
298,6.487000102326274,0.1544441282749176
299,6.61700010381639,0.1664530634880066
300,6.575000103190542,0.21886903047561646
301,6.240000099241733,0.17720238864421844
302,6.058000097125769,0.17640180885791779
303,6.083000097349286,0.19547733664512634
304,6.217000098899007,0.1577310860157013
305,6.090000097453594,0.18116344511508942
306,6.198000098913908,0.21640348434448242
307,6.034000097364188,0.15295039117336273
308,6.146000098586082,0.16358985006809235
309,6.267000099942088,0.19825609028339386
310,6.426000101715326,0.19796094298362732
311,6.486000102758408,0.2616221308708191
312,6.7490001057833435,0.24784867465496063
313,6.7890001060813665,0.2946718633174896
314,7.083000109419227,0.25904369354248047
315,7.258000111430883,0.21464383602142334
316,7.2280001109838485,0.18277081847190857
317,7.153000110164284,0.22421006858348846
318,7.042000108808279,0.258344441652298
319,6.9890001083165405,0.22145013511180878
320,7.168000110536814,0.2570010721683502
321,7.073000109568238,0.23392562568187714
322,7.032000109106303,0.31765538454055786
323,7.213000111207366,0.2314475178718567
324,7.458000113964081,0.29133352637290955
325,7.486000114232302,0.31295832991600037
326,7.262000111490488,0.3285389244556427
327,7.501000114306808,0.2223939746618271
328,7.338000112324953,0.24224619567394257
329,7.080000109374523,0.2309233397245407
330,6.929000107720494,0.20824937522411346
331,6.968000108152628,0.2886054515838623
332,7.260000111609697,0.308922678232193
333,7.299000112190843,0.2998461425304413
334,7.260000111758709,0.27748608589172363
335,7.285000111982226,0.23946909606456757
336,7.5120001144707205,0.26768794655799866
337,7.7760001175105575,0.33063095808029175
338,7.496000114232301,0.20865949988365173
339,7.239000111147761,0.2993602156639099
340,6.984000108093023,0.2600204646587372
341,6.805000106021762,0.24600329995155334
342,6.6690001044422385,0.22303104400634766
343,6.541000102683902,0.25018876791000366
344,6.358000100553036,0.23739220201969147
345,6.573000103160739,0.2312321662902832
346,6.50400010228157,0.2045275717973709
347,6.570000103116035,0.22295290231704712
348,6.46800010189414,0.2228756844997406
349,6.630000103861094,0.2414611279964447
350,6.8370001066476105,0.2677783966064453
351,6.853000107035041,0.23470410704612732
352,6.862000107169151,0.2454506903886795
353,6.730000105649233,0.23035354912281036
354,6.767000106051564,0.20724500715732574
355,7.10900011010468,0.2708266079425812
356,6.953000108376146,0.2801913321018219
357,6.909000107869506,0.23476770520210266
358,6.660000104904174,0.24942542612552643
359,6.778000106215477,0.3148552179336548
360,7.412000113725663,0.2754591703414917
361,7.451000114157796,0.3004605174064636
362,7.2350001116842035,0.31913676857948303
363,7.546000115275383,0.24049215018749237
364,7.7930001180619,0.30471837520599365
365,8.15700012229383,0.28151407837867737
366,8.587000127062202,0.3457442820072174
367,8.810000129640102,0.35199400782585144
368,8.536000126451254,0.3720961809158325
369,8.253000123128295,0.28006213903427124
370,8.269000123217701,0.3802904784679413
371,7.414000113159418,0.25217780470848083
372,6.875000107064843,0.2524924576282501
373,6.747000105455518,0.18185028433799744
374,6.840000106543303,0.2973363399505615
375,6.680000104755163,0.3290421962738037
376,6.706000105142594,0.24135927855968475
377,7.033000108972192,0.24004265666007996
378,7.32700011216104,0.2627038061618805
379,7.613000115528703,0.3147292733192444
380,7.784000117182732,0.31669753789901733
381,7.640000115633011,0.2917848229408264
382,7.38200011253357,0.27970898151397705
383,7.705000116303563,0.3005962669849396
384,7.475000113621354,0.2608835995197296
385,7.473000113889575,0.27628299593925476
386,7.394000113159418,0.23669001460075378
387,6.979000108465552,0.23504096269607544
388,7.482000114321709,0.31894341111183167
389,7.639000116214156,0.3806709945201874
390,7.699000116959215,0.32769152522087097
391,7.9920001202821735,0.2994896173477173
392,8.227000122889876,0.38214725255966187
393,8.5660001270473,0.34398531913757324
394,8.759000129178167,0.3039347231388092
395,8.756000128984452,0.3426688313484192
396,8.672000128030778,0.23609836399555206
397,8.466000125557184,0.2864072024822235
398,8.48600012600422,0.39247778058052063
399,8.386000124663115,0.2537277638912201
400,8.304000123888255,0.3269807696342468
401,7.882000118792057,0.30572378635406494
402,7.787000117525459,0.30722275376319885
403,7.98300011985004,0.3023603558540344
404,8.104000121206045,0.33042144775390625
405,8.163000121936202,0.3183150887489319
406,8.044000120460987,0.21490155160427094
407,7.518000114411116,0.29724907875061035
408,7.34500011228025,0.22729207575321198
409,7.084000109136104,0.2085905224084854
410,6.859000106528401,0.2329397052526474
411,6.8940001067519185,0.2799307107925415
412,6.981000107750297,0.2767302095890045
413,7.029000108167529,0.21384336054325104
414,7.067000108584762,0.31591033935546875
415,7.438000112920999,0.3473573923110962
416,7.50600011408329,0.26570090651512146
417,7.782000117450952,0.28905177116394043
418,7.4020001132786275,0.23380115628242493
419,7.10200010985136,0.24420614540576935
420,7.102000109702349,0.1587158441543579
421,6.876000106930733,0.17874442040920258
422,6.743000105395913,0.2545013129711151
423,6.966000107973814,0.26308637857437134
424,7.240000111311674,0.278312087059021
425,7.168000110387802,0.2667548656463623
426,7.509000114127994,0.29167330265045166
427,7.430000113397837,0.28057876229286194
428,7.564000115096569,0.3205104172229767
429,7.862000118792057,0.2555817663669586
430,7.78400011792779,0.2647521197795868
431,7.642000116109848,0.2551853358745575
432,7.7430001168698075,0.27660122513771057
433,7.657000116035342,0.3032658100128174
434,7.728000117093325,0.2578856647014618
435,7.8390001180022955,0.2597169876098633
436,7.715000116601586,0.34823721647262573
437,7.705000116452575,0.3047291338443756
438,8.265000123009086,0.38616684079170227
439,8.230000122487546,0.40681192278862
440,8.036000120341777,0.28046372532844543
441,8.281000123098492,0.3490200936794281
442,7.727000116482377,0.2707017958164215
443,7.621000115647912,0.31764766573905945
444,7.632000115662813,0.26318103075027466
445,7.573000115081668,0.30678364634513855
446,7.165000110343098,0.37639889121055603
447,7.165000110641122,0.26181599497795105
448,7.048000109344721,0.2413869947195053
449,6.939000108018518,0.21555334329605103
450,6.85300010688603,0.21099719405174255
451,6.836000106632709,0.27967387437820435
452,6.984000108093023,0.2402314692735672
453,7.298000111728907,0.29113417863845825
454,7.211000110730529,0.33139777183532715
455,7.367000112608075,0.29464441537857056
456,7.637000115588307,0.33823803067207336
457,7.66500011600554,0.24015434086322784
458,7.809000117704272,0.2643245756626129
459,7.97500011973083,0.2832203805446625
460,7.948000119626522,0.3328196704387665
461,7.713000116869807,0.23384414613246918
462,7.773000117465854,0.2507650852203369
463,7.840000118166208,0.3401315212249756
464,7.778000117540359,0.34442174434661865
465,7.837000117823481,0.2572501599788666
466,8.074000120908021,0.34762394428253174
467,7.675000116303563,0.3190250098705292
468,7.472000113874674,0.2779802083969116
469,7.472000114023685,0.2923506796360016
470,7.271000111624598,0.25840848684310913
471,7.312000112086534,0.24244846403598785
472,7.293000111952424,0.2712012231349945
473,7.284000111967325,0.27512267231941223
474,7.314000112265348,0.2722741663455963
475,7.5650001152604816,0.2525149881839752
476,7.980000120103359,0.2978099286556244
477,8.313000124022365,0.3234401345252991
478,8.164000122249126,0.36161699891090393
479,7.969000120088458,0.2141125202178955
480,8.067000121250748,0.2934550344944
481,8.126000121831893,0.2855057716369629
482,8.223000122830271,0.24223679304122925
483,8.422000125050545,0.26494100689888
484,8.387000124379993,0.2936629056930542
485,8.006000119745732,0.29003044962882996
486,8.221000122204423,0.4123780429363251
487,8.265000122860075,0.20862208306789398
488,8.1610001219064,0.2945447862148285
489,7.94700011946261,0.353977769613266
490,8.049000120833517,0.25347283482551575
491,7.660000116378069,0.28561297059059143
492,7.574000115543604,0.26303404569625854
493,7.164000110626221,0.22503343224525452
494,7.459000114127994,0.24110518395900726
495,7.452000114172697,0.31491819024086
496,7.427000113800168,0.2800040543079376
497,7.854000118821859,0.27248096466064453
498,7.721000117138028,0.2637200653553009
499,7.850000118613243,0.2693409025669098
500,7.538000114858151,0.21666204929351807
501,7.705000116750598,0.24837186932563782
502,7.657000116184354,0.2357449233531952
503,7.734000116884708,0.30017155408859253
504,7.747000116929412,0.3267771005630493
505,7.736000116765499,0.3151060938835144
506,7.293000111505389,0.29854273796081543
507,7.2960001116991045,0.2269868105649948
508,7.395000113025308,0.21234863996505737
509,7.6800001166760925,0.30562108755111694
510,7.52900011472404,0.28766968846321106
511,7.329000112488866,0.2871852219104767
512,7.601000115647912,0.33983492851257324
513,7.9030001191049815,0.2589540481567383
514,8.274000123441219,0.3208200931549072
515,8.397000124827027,0.3383433222770691
516,8.377000124379993,0.2842935621738434
517,8.013000120148062,0.30479320883750916
518,8.13500012166798,0.2810877561569214
519,8.257000123038887,0.281579852104187
520,7.630000115782022,0.30686867237091064
521,7.57300011523068,0.2542715072631836
522,7.835000118240714,0.32321709394454956
523,7.938000119626522,0.29049742221832275
524,8.08800012126565,0.3068535327911377
525,8.31900012396276,0.3608649969100952
526,8.16100012205541,0.2268311232328415
527,8.459000125601888,0.24381402134895325
528,8.581000126972794,0.32107874751091003
529,8.183000122383238,0.3615153431892395
530,8.073000121042133,0.2895646095275879
531,7.820000118166209,0.3075706362724304
532,7.665000116452575,0.26596513390541077
533,7.328000112771988,0.2913019359111786
534,7.459000114127994,0.18593372404575348
535,7.316000112593174,0.2845969498157501
536,6.995000108703971,0.2582498788833618
537,7.30400011241436,0.30336955189704895
538,7.8710001190751795,0.31079721450805664
539,8.290000123977661,0.278444766998291
540,8.394000124931335,0.3808716833591461
541,8.702000128477811,0.27984368801116943
542,8.695000128224493,0.2938707768917084
543,9.23600013449788,0.30342552065849304
544,9.484000137299299,0.4060788154602051
545,9.504000137597323,0.3041614294052124
546,9.482000137269496,0.29752302169799805
547,8.90900013051927,0.3690304756164551
548,8.64200012743473,0.2869736850261688
549,8.170000122040511,0.24513305723667145
550,8.13200012177229,0.24182406067848206
551,7.716000116914511,0.28289660811424255
552,7.688000116795301,0.3281005024909973
553,7.587000115588308,0.31596317887306213
554,7.859000118896365,0.31789419054985046
555,7.611000115945935,0.34429118037223816
556,7.567000115290284,0.3346492350101471
557,7.68800011664629,0.25618642568588257
558,7.858000118732452,0.2685650885105133
559,7.64000011652708,0.22195875644683838
560,7.993000120446086,0.3654405176639557
561,7.557000115290284,0.2919462025165558
562,7.362000112831592,0.26096245646476746
563,7.552000114917755,0.3211219012737274
564,7.391000113114715,0.2651749849319458
565,7.730000117123127,0.2841024696826935
566,7.646000116169453,0.2863810062408447
567,7.574000115245581,0.2534255087375641
568,7.5620001152157785,0.2982294261455536
569,7.529000115022063,0.2551456391811371
570,7.700000116974115,0.26228243112564087
571,8.034000120908022,0.32194894552230835
572,8.027000120803713,0.25548049807548523
573,8.279000123813749,0.2785816490650177
574,8.097000121548772,0.34649667143821716
575,8.292000124007464,0.2633534073829651
576,8.120000121742487,0.20609675347805023
577,8.220000122785569,0.26277607679367065
578,8.351000124290586,0.26712659001350403
579,7.630000115931034,0.3069510757923126
580,7.592000115662813,0.29462698101997375
581,7.429000113680959,0.23858794569969177
582,7.6240001158416275,0.24400320649147034
583,7.419000113233924,0.26984140276908875
584,7.452000113874674,0.23312488198280334
585,7.547000114992261,0.2693667709827423
586,7.347000112608075,0.20091770589351654
587,7.646000116020441,0.2632562220096588
588,7.619000115767121,0.21394048631191254
589,7.745000117197633,0.3179004192352295
590,7.7510001171380285,0.24134497344493866
591,7.8410001181811095,0.3142898678779602
592,8.009000119939447,0.32034772634506226
593,8.006000119894743,0.2729785740375519
594,8.113000121191144,0.320442259311676
595,8.56900012664497,0.326399028301239
596,8.7230001283437,0.3218156099319458
597,8.839000129625202,0.3118975758552551
598,8.592000126838684,0.3037368357181549
599,8.607000127211213,0.3688880503177643
600,8.476000125855208,0.29601165652275085
601,8.608000127524138,0.33677470684051514
602,8.500000126063824,0.2387891411781311
603,8.501000126376749,0.39267832040786743
604,8.240000123381614,0.21770045161247253
605,8.198000122755765,0.2409476339817047
606,8.196000122874976,0.26702746748924255
607,8.164000122547149,0.2571474313735962
608,8.606000127792358,0.31369370222091675
609,8.52800012677908,0.34574806690216064
610,8.551000126972795,0.24681627750396729
611,8.582000127285719,0.27532416582107544
612,8.659000128135085,0.34187814593315125
613,8.496000126302242,0.26624953746795654
614,8.4500001257658,0.3382903039455414
615,7.98100012011826,0.19070777297019958
616,7.208000110983849,0.2624988257884979
617,7.080000109523535,0.21663539111614227
618,7.158000110685825,0.2732343077659607
619,7.35700011305511,0.2706083655357361
620,7.432000113725662,0.26785653829574585
621,7.648000116199255,0.31883180141448975
622,7.606000115722418,0.25170695781707764
623,8.025000120773912,0.31599777936935425
624,8.319000124260784,0.320502907037735
625,8.60900012768805,0.31170374155044556
626,8.420000125467777,0.37151503562927246
627,8.603000127598643,0.31943970918655396
628,8.28800012409687,0.327940434217453
629,8.129000122323632,0.24972745776176453
630,7.983000120446086,0.23327481746673584
631,7.589000115767122,0.20833128690719604
632,7.223000111505389,0.20824575424194336
633,7.33300011254847,0.24431893229484558
634,7.336000112593174,0.21150276064872742
635,7.077000109478831,0.3353286385536194
636,7.3710001128166915,0.27887141704559326
637,7.491000114306807,0.3436849117279053
638,7.975000120028853,0.25125792622566223
639,8.164000122249126,0.3081245422363281
640,8.413000125065446,0.1990179568529129
641,8.522000126242638,0.3184036612510681
642,8.964000131487847,0.3487769365310669
643,8.757000128999353,0.30503106117248535
644,9.28900013513863,0.3959956169128418
645,9.308000135570765,0.4065406024456024
646,9.060000132769346,0.3841667175292969
647,8.750000129193067,0.33458468317985535
648,8.710000128895045,0.3075408339500427
649,8.422000125795602,0.3424464166164398
650,7.900000119805336,0.3064563572406769
651,7.981000120863318,0.3152279555797577
652,7.871000119522214,0.3094068467617035
653,7.900000119656324,0.2827722728252411
654,8.262000123858451,0.33445969223976135
655,8.088000121861697,0.2940385043621063
656,8.099000121876598,0.3535498380661011
657,8.033000121191144,0.27294740080833435
658,8.04700012139976,0.2669726014137268
659,8.148000122457743,0.32710498571395874
660,8.558000127375125,0.28883203864097595
661,8.287000124081969,0.23934264481067657
662,8.26400012359023,0.40652042627334595
663,8.238000123351812,0.301810085773468
664,8.426000125557184,0.2682498097419739
665,8.564000127017499,0.25753068923950195
666,8.56800012692809,0.259156197309494
667,8.498000126034022,0.36684325337409973
668,7.675000116303563,0.31215572357177734
669,7.78600011780858,0.2170141339302063
670,7.931000119671226,0.2283192276954651
671,8.235000123158096,0.275968462228775
672,8.0160001206398,0.3195750117301941
673,8.071000121161342,0.25468114018440247
674,8.237000123187899,0.2083284705877304
675,8.185000122562052,0.298313170671463
676,8.627000127807259,0.3221248686313629
677,8.564000127017499,0.296153724193573
678,8.520000126510858,0.2783924341201782
679,7.950000119805336,0.2517320215702057
680,7.982000120133161,0.28946903347969055
681,8.153000122085214,0.2505565583705902
682,7.8830001189559695,0.3187808692455292
683,8.12400012165308,0.28541845083236694
684,8.282000123411416,0.24832457304000854
685,8.330000123828649,0.2927684783935547
686,8.803000129237772,0.34589576721191406
687,8.90000013023615,0.28204068541526794
688,8.904000130295753,0.24683718383312225
689,8.9440001308918,0.32921648025512695
690,8.915000130608679,0.2911812961101532
691,8.999000131413341,0.27965253591537476
692,8.91000013038516,0.24071888625621796
693,8.920000130683183,0.29506832361221313
694,8.895000130310654,0.2697989344596863
695,8.74400012895465,0.31591227650642395
696,8.80600012972951,0.2635842263698578
697,9.075000132694841,0.31620341539382935
698,8.901000130847097,0.25330719351768494
699,9.021000132337212,0.2793055474758148
700,9.264000134915113,0.3985476791858673
701,8.994000132083892,0.3238440752029419
702,9.271000135168434,0.2945922613143921
703,9.191000134125352,0.29675740003585815
704,8.959000131264329,0.3896467685699463
705,9.130000133216381,0.23517261445522308
706,9.257000134810806,0.38593173027038574
707,9.584000138640404,0.37929075956344604
708,9.450000137090683,0.41193515062332153
709,9.224000134617091,0.23343788087368011
710,9.306000135689974,0.31528612971305847
711,9.067000132873654,0.2583112418651581
712,8.952000131607056,0.3524855673313141
713,9.000000132322311,0.3188975155353546
714,8.758000129461289,0.3581646978855133
715,8.673000128492713,0.2726774215698242
716,7.964000120013952,0.30974993109703064
717,7.985000120326877,0.3149554431438446
718,7.808000118136406,0.26662084460258484
719,7.967000120058656,0.2574928104877472
720,8.027000120654701,0.2603226900100708
721,8.205000122711063,0.3364703059196472
722,8.770000129193068,0.3586396276950836
723,9.109000133350492,0.3178609311580658
724,9.07300013281405,0.412282258272171
725,9.454000137448311,0.48258426785469055
726,9.684000139981508,0.4666280746459961
727,9.70300014026463,0.304718941450119
728,10.018000143915415,0.4525879919528961
729,9.910000142753125,0.3274751603603363
730,9.681000140234827,0.3452589511871338
731,10.04700014449656,0.3757936954498291
732,9.910000143051148,0.3577827215194702
733,9.634000139683485,0.39187949895858765
734,9.5510001385957,0.31641364097595215
735,9.590000139027834,0.2591131329536438
736,9.209000134542585,0.3168011009693146
737,8.815000130012631,0.3052588403224945
738,9.09800013333559,0.3134288489818573
739,8.772000129371882,0.30075815320014954
740,8.687000128403305,0.4109871983528137
741,8.887000130787492,0.2146162986755371
742,9.033000132814049,0.3172878623008728
743,8.792000129818916,0.3640543520450592
744,8.800000129938125,0.3253810703754425
745,8.91100013129413,0.2826126515865326
746,9.039000132754445,0.363932728767395
747,9.259000135287643,0.26432767510414124
748,9.332000136226416,0.37153464555740356
749,8.971000131890177,0.3427044153213501
750,8.96400013178587,0.38022443652153015
751,9.023000132218003,0.29724451899528503
752,9.210000134706497,0.2630966007709503
753,9.33600013613701,0.2848086655139923
754,9.453000137135387,0.22307604551315308
755,9.440000137090683,0.2860138714313507
756,9.374000136256218,0.3001630902290344
757,9.117000133320689,0.2924902141094208
758,9.067000132873654,0.31120577454566956
759,9.111000133380294,0.2526104748249054
760,9.077000133022667,0.26161423325538635
761,9.120000133514404,0.3425232470035553
762,9.212000134587289,0.3191884756088257
763,8.97200013205409,0.32715508341789246
764,8.923000131472945,0.30600547790527344
765,8.845000130459667,0.3539030849933624
766,8.760000129491091,0.25515416264533997
767,8.686000128388406,0.2793799340724945
768,8.871000130698086,0.3160819113254547
769,8.918000131249428,0.3057669699192047
770,8.929000131115318,0.35496655106544495
771,8.942000131160022,0.2888892889022827
772,9.210000134408475,0.37804457545280457
773,9.093000132963061,0.31589439511299133
774,9.348000136017799,0.29565492272377014
775,9.96200014308095,0.3065361976623535
776,9.664000139385461,0.28920111060142517
777,9.90100014232099,0.2883273959159851
778,9.578000138550998,0.37719112634658813
779,9.652000139504672,0.2824642062187195
780,9.163000134006143,0.370204359292984
781,8.996000131815672,0.401716947555542
782,9.195000134333968,0.3361479938030243
783,9.340000136047601,0.2563526928424835
784,8.620000127702951,0.3442876636981964
785,8.62600012794137,0.30271443724632263
786,8.431000125482678,0.27512598037719727
787,8.54700012691319,0.29965031147003174
788,8.500000126212836,0.3677093982696533
789,8.99300013191998,0.33552107214927673
790,9.08800013318658,0.3660072088241577
791,9.654000139683484,0.3635759949684143
792,9.169000133946538,0.35282278060913086
793,9.038000132441521,0.46075963973999023
794,9.079000132903456,0.21108174324035645
795,9.314000135809183,0.2778070569038391
796,9.4460001373291,0.30371206998825073
797,9.375000136569142,0.36179670691490173
798,9.297000135704875,0.3611049950122833
799,9.052000132799149,0.3568270206451416
800,8.730000129044056,0.33327537775039673
801,8.977000131979585,0.28330180048942566
802,9.07800013333559,0.40109342336654663
803,8.955000131949783,0.3148629665374756
804,8.789000129923224,0.22208349406719208
805,8.242000123411417,0.3280356824398041
806,7.875000119134784,0.25005820393562317
807,7.881000119224191,0.2232399582862854
808,7.33300011254847,0.2512398958206177
809,7.391000113114715,0.2549572288990021
810,7.492000114172697,0.29666265845298767
811,7.311000111922621,0.20112350583076477
812,7.570000114887953,0.22791773080825806
813,7.857000118419528,0.262042760848999
814,8.487000125721098,0.2992173731327057
815,8.839000129774213,0.2960788905620575
816,8.850000129938126,0.2553265392780304
817,9.433000136837363,0.24517904222011566
818,9.412000136524439,0.26722171902656555
819,9.537000137791038,0.3211471140384674
820,9.570000138282776,0.25966379046440125
821,9.372000135928392,0.2500203549861908
822,9.189000133797526,0.30663979053497314
823,8.491000125780701,0.35793277621269226
824,8.834000129550695,0.25028014183044434
825,8.86300012998283,0.39089006185531616
826,8.922000130712986,0.3232550621032715
827,9.082000132650137,0.4334403872489929
828,9.23400013461709,0.38204720616340637
829,9.157000133618713,0.30295729637145996
830,9.285000135228039,0.28163689374923706
831,9.080000132918357,0.24008142948150635
832,9.470000137388705,0.32016730308532715
833,9.088000133037568,0.33423128724098206
834,9.102000133246184,0.23759077489376068
835,8.680000128149986,0.3322097957134247
836,9.150000133663417,0.28780636191368103
837,8.991000131890178,0.18446005880832672
838,8.937000131234527,0.38850951194763184
839,9.089000133052469,0.37838518619537354
840,9.57900013871491,0.3324572443962097
841,9.145000133737922,0.30603572726249695
842,9.34800013616681,0.22683218121528625
843,9.57000013872981,0.34958314895629883
844,9.752000140994788,0.276089608669281
845,9.731000140979885,0.39245298504829407
846,9.448000137507915,0.2726224958896637
847,9.506000138223172,0.3426147401332855
848,9.699000140354038,0.28915074467658997
849,9.129000133797526,0.4193607568740845
850,9.449000137522816,0.38194867968559265
851,9.48700013808906,0.23426367342472076
852,9.240000135302544,0.3514840304851532
853,9.119000133797526,0.36613160371780396
854,9.07700013332069,0.45154497027397156
855,9.267000135406851,0.3092249035835266
856,9.449000137671828,0.34041810035705566
857,9.472000137865543,0.36049848794937134
858,9.572000138908624,0.32199883460998535
859,9.304000135660171,0.3691871166229248
860,9.322000135779382,0.40732356905937195
861,9.247000134810806,0.35556089878082275
862,9.618000139147043,0.26477760076522827
863,9.298000135421752,0.40070152282714844
864,8.669000128284097,0.2434820532798767
865,8.918000131100417,0.3252699673175812
866,9.046000132858753,0.3130751848220825
867,9.030000132918358,0.3406141698360443
868,9.001000132486224,0.2961556315422058
869,9.048000133037567,0.3579320013523102
870,9.02500013269484,0.3663955628871918
871,9.172000134587288,0.3099929392337799
872,9.102000133544207,0.21030516922473907
873,9.24000013500452,0.401167094707489
874,8.90300013102591,0.2554222345352173
875,8.247000123038887,0.1878446489572525
876,8.439000125303865,0.2602860629558563
877,8.491000125929713,0.2721751928329468
878,8.442000125199556,0.2932974398136139
879,7.970000119507313,0.2866513133049011
880,8.083000120893121,0.33654382824897766
881,8.0650001206249,0.32345646619796753
882,8.748000128865241,0.326546847820282
883,9.023000132068992,0.2990313172340393
884,9.386000136435031,0.35458996891975403
885,9.602000139206648,0.4083576500415802
886,9.662000139802695,0.3203131854534149
887,9.425000137165188,0.35220280289649963
888,9.811000141724945,0.31388118863105774
889,9.76300014100969,0.24558764696121216
890,9.754000140875577,0.295297235250473
891,9.440000136941672,0.2719297707080841
892,9.276000135093927,0.2537306249141693
893,8.902000130712986,0.2757057547569275
894,8.827000129893422,0.28289133310317993
895,8.949000131264329,0.26048749685287476
896,8.546000126749277,0.3986124098300934
897,8.388000124841929,0.22076848149299622
898,7.90100011922419,0.21683993935585022
899,8.238000123351812,0.26707082986831665
900,8.277000123634934,0.22501708567142487
901,8.074000121355057,0.31542161107063293
902,8.261000123694538,0.32329311966896057
903,8.392000125050545,0.2905424237251282
904,8.391000124737621,0.3021937906742096
905,9.12800013333559,0.3177568316459656
906,9.178000133931636,0.2946107089519501
907,9.591000138744711,0.27466943860054016
908,9.88500014193356,0.3502684533596039
909,9.639000139012932,0.31873393058776855
910,9.782000140547753,0.3408913314342499
911,9.916000141948462,0.32526394724845886
912,9.62200013846159,0.300913542509079
913,9.493000137135386,0.2780535817146301
914,8.782000128626823,0.2698833644390106
915,8.524000125676393,0.2529006004333496
916,8.328000123649836,0.32346299290657043
917,8.24000012293458,0.3284126818180084
918,8.46100012563169,0.23425358533859253
919,8.50400012627244,0.3040691614151001
920,8.431000125482678,0.3260120153427124
921,8.80500012986362,0.3067038357257843
922,8.932000131309032,0.33754661679267883
923,9.582000139057635,0.40273913741111755
924,10.278000147193671,0.20674878358840942
925,10.235000146850943,0.4807109832763672
926,10.220000146627426,0.36526328325271606
927,10.315000147596002,0.3901626467704773
928,10.312000147402287,0.3183397948741913
929,10.670000151544809,0.3494793772697449
930,10.7680001527071,0.4025263786315918
931,10.50100014962256,0.2882736623287201
932,10.636000151336193,0.2555026710033417
933,9.833000141903758,0.2554338872432709
934,9.43600013718009,0.43810492753982544
935,9.147000133767724,0.2715735137462616
936,9.151000133976341,0.29859912395477295
937,8.912000131458043,0.3569689393043518
938,8.769000129774213,0.28036606311798096
939,9.2020001347363,0.3056716024875641
940,9.240000135153531,0.3956791162490845
941,9.000000132322311,0.33570531010627747
942,9.011000132486224,0.36931300163269043
943,9.322000136226416,0.3843655288219452
944,9.962000143676995,0.30885061621665955
945,10.288000147342682,0.46338018774986267
946,10.506000149846077,0.3035260736942291
947,10.611000150963664,0.45315298438072205
948,10.920000154674053,0.3675701916217804
949,10.494000149667263,0.2936376929283142
950,10.35200014784932,0.3940909802913666
951,10.2180001462996,0.29907870292663574
952,10.089000144824386,0.32530054450035095
953,9.860000142008067,0.2890644073486328
954,9.25900013498962,0.24651385843753815
955,9.285000135228039,0.2938215732574463
956,9.05800013244152,0.2441476285457611
957,8.9340001308918,0.2489362508058548
958,8.710000128149986,0.16654890775680542
959,8.749000128433108,0.2755720615386963
960,8.869000129774212,0.29905077815055847
961,9.145000133141876,0.3292645812034607
962,9.01900013141334,0.2902837097644806
963,9.340000135153533,0.255494087934494
964,9.166000133007765,0.3113691508769989
965,8.960000130832196,0.30401772260665894
966,8.908000130206347,0.26341599225997925
967,9.143000133261085,0.3842054009437561
968,9.34200013563037,0.38196760416030884
969,9.266000134795904,0.3138572573661804
970,9.208000133931638,0.33031174540519714
971,9.228000134527683,0.2449432760477066
972,9.294000135362149,0.2879727780818939
973,9.538000138252974,0.23121245205402374
974,9.677000139877201,0.30246442556381226
975,9.903000142350793,0.2353716343641281
976,9.824000141322612,0.3162349462509155
977,9.529000137969852,0.33462953567504883
978,9.522000137865543,0.3152099549770355
979,9.311000135466456,0.28825896978378296
980,9.586000138670206,0.19144600629806519
981,9.700000140070916,0.31361815333366394
982,9.31300013564527,0.3712240159511566
983,9.191000134423374,0.3241506516933441
984,9.23000013500452,0.39284348487854004
985,9.06000013306737,0.31008657813072205
986,9.348000136613846,0.3124958276748657
987,9.31700013615191,0.27242511510849
988,9.259000135436654,0.24893678724765778
989,9.07800013318658,0.28210267424583435
990,8.95400013178587,0.16265471279621124
991,8.922000131458043,0.3055029809474945
992,8.874000130742788,0.2474631518125534
993,8.846000130176543,0.22152642905712128
994,8.71700012870133,0.20413735508918762
995,8.443000125363469,0.20707470178604126
996,8.44700012512505,0.20939302444458008
997,8.409000124707818,0.25026780366897583
998,8.466000125408172,0.2673012614250183
999,8.454000125229358,0.30302348732948303
1000,8.415000124797224,0.3114016056060791
1001,8.664000127911567,0.3022892475128174
1002,8.857000130340458,0.3148990273475647
1003,8.913000130876899,0.20766380429267883
1004,8.879000130668283,0.2360115498304367
1005,8.773000129684807,0.2383745014667511
1006,8.955000131800771,0.1766781061887741
1007,9.143000134006142,0.279523104429245
1008,9.175000134333969,0.22065338492393494
1009,9.376000136733055,0.2227344512939453
1010,9.325000135973095,0.39690181612968445
1011,9.261000135019422,0.3150729835033417
1012,9.465000137463212,0.31437626481056213
1013,9.468000137358905,0.1864275187253952
1014,9.49000013768673,0.2122517228126526
1015,9.43700013704598,0.3251473307609558
1016,9.178000134080648,0.3008517324924469
1017,9.014000132232905,0.29347410798072815
1018,8.955000131502748,0.2474186271429062
1019,9.073000132963061,0.20311188697814941
1020,8.896000130921601,0.3247390389442444
1021,8.982000131905078,0.3865548372268677
1022,9.153000134006142,0.2769714891910553
1023,9.27300013549626,0.24013817310333252
1024,9.681000140383839,0.34949830174446106
1025,9.725000140741468,0.3593801259994507
1026,10.026000144332647,0.45440375804901123
1027,9.859000142291189,0.3580140471458435
1028,9.571000138893723,0.3175974488258362
1029,9.47300013758242,0.39359018206596375
1030,9.38600013628602,0.26857876777648926
1031,9.217000134214759,0.22457435727119446
1032,9.188000133782625,0.25430920720100403
1033,9.080000132471323,0.31222113966941833
1034,8.477000125423073,0.30932578444480896
1035,8.522000126093626,0.3585885763168335
1036,8.68400012806058,0.2770845592021942
1037,8.530000126361847,0.21227973699569702
1038,8.317000123932958,0.28263697028160095
1039,8.64600012794137,0.2847032845020294
1040,8.47500012613833,0.2556118071079254
1041,8.614000127613544,0.3559321165084839
1042,8.405000125542283,0.2547650933265686
1043,8.490000126361847,0.2076752483844757
1044,8.607000127509236,0.2768298089504242
1045,8.685000128373504,0.3216264843940735
1046,9.193000134453177,0.28944310545921326
1047,9.395000137016178,0.366813987493515
1048,8.969000132009388,0.2345886528491974
1049,9.018000132590533,0.2506193220615387
1050,8.863000130578875,0.23950178921222687
1051,9.288000135570764,0.30923548340797424
1052,9.563000138774514,0.31231608986854553
1053,9.82400014191866,0.36261680722236633
1054,9.688000140339136,0.2564758360385895
1055,9.233000134900212,0.44736042618751526
1056,9.439000137224793,0.24805091321468353
1057,9.849000141993166,0.3681584596633911
1058,10.176000145971775,0.3481092154979706
1059,10.149000145867467,0.42632463574409485
1060,10.25800014719367,0.3273121118545532
1061,10.134000145643949,0.2959214448928833
1062,9.897000143006444,0.3747158944606781
1063,9.791000141575932,0.25338220596313477
1064,10.005000144168735,0.3766779601573944
1065,9.847000142112375,0.26621896028518677
1066,9.341000136062503,0.2668752074241638
1067,9.313000135496258,0.3564221262931824
1068,9.561000138297677,0.2236262708902359
1069,9.260000134706496,0.31116050481796265
1070,8.989000131264328,0.28754299879074097
1071,9.038000131845473,0.2664378583431244
1072,9.175000133439898,0.33246928453445435
1073,9.141000133231282,0.2882678508758545
1074,9.06700013242662,0.35938912630081177
1075,9.44700013719499,0.3238227367401123
1076,8.849000130370259,0.3059704899787903
1077,8.864000130593777,0.2560746967792511
1078,9.05300013281405,0.2691367268562317
1079,9.301000135764479,0.31292155385017395
1080,9.374000137001277,0.3530232906341553
1081,9.722000140845775,0.34615346789360046
1082,9.421000137254596,0.25554078817367554
1083,9.725000140741468,0.3517041802406311
1084,9.695000140443444,0.33614253997802734
1085,9.989000143930316,0.373800665140152
1086,9.932000143229962,0.27228397130966187
1087,10.0910001450032,0.20943835377693176
1088,10.167000145837665,0.25261881947517395
1089,9.588000139147043,0.3177899122238159
1090,9.54900013871491,0.3618158996105194
1091,9.517000138238073,0.3940311670303345
1092,9.825000141933561,0.28029072284698486
1093,9.87600014269352,0.38377681374549866
1094,9.893000142946839,0.29095160961151123
1095,9.693000140562653,0.3247257471084595
1096,9.739000141099096,0.3249736428260803
1097,9.763000141307712,0.2556018829345703
1098,9.821000141724944,0.28391844034194946
1099,9.878000142276287,0.20812620222568512
1100,10.459000149145723,0.37584832310676575
1101,10.558000150322915,0.2534080743789673
1102,10.59800015091896,0.41258004307746887
1103,10.015000144019723,0.4450150430202484
1104,9.904000142663717,0.2828909456729889
1105,10.037000144198537,0.24442048370838165
1106,9.908000142723322,0.2610292434692383
1107,9.978000143617392,0.2906164228916168
1108,10.026000144183635,0.3601965606212616
1109,10.028000144213438,0.3042842447757721
1110,9.383000136688352,0.27844321727752686
1111,9.027000132277609,0.3311435580253601
1112,9.371000136360527,0.28596556186676025
1113,9.494000137746333,0.3138101100921631
1114,10.019000143930317,0.34345653653144836
1115,9.984000143557786,0.29169365763664246
1116,9.57900013871491,0.3454991281032562
1117,10.023000143691897,0.3735669255256653
1118,10.101000144854188,0.39612877368927
1119,9.905000142529607,0.2504734396934509
1120,9.692000140100717,0.3427233397960663
1121,9.455000137314201,0.3476809859275818
1122,9.381000136509538,0.1706632524728775
1123,8.735000128820538,0.22350475192070007
1124,8.47700012587011,0.2376180738210678
1125,8.69100012846291,0.1740342229604721
1126,8.324000124186277,0.2747187912464142
1127,8.474000125974417,0.25440821051597595
1128,8.567000127062201,0.2667093575000763
1129,8.560000126957894,0.323036789894104
1130,8.748000129014253,0.228977233171463
1131,8.815000129714608,0.3133932948112488
1132,9.083000132963061,0.272260844707489
1133,9.315000135675072,0.28247448801994324
1134,9.158000133931637,0.277243971824646
1135,9.145000133886933,0.27133724093437195
1136,9.209000134542585,0.26848429441452026
1137,9.466000137478114,0.30701443552970886
1138,9.870000142157078,0.2786630392074585
1139,9.804000141471624,0.2373271882534027
1140,9.909000142738224,0.33952969312667847
1141,9.70900014065206,0.35381340980529785
1142,9.604000139385462,0.25909292697906494
1143,9.683000140115618,0.21858364343643188
1144,9.54200013846159,0.3789082467556
1145,9.589000139161945,0.23183821141719818
1146,9.484000137895345,0.32767218351364136
1147,9.281000135466456,0.2593453526496887
1148,9.17800013422966,0.2691500186920166
1149,9.104000133126974,0.2007686197757721
1150,9.05600013256073,0.3579300045967102
1151,8.951000131443143,0.23250973224639893
1152,8.950000131577253,0.39156433939933777
1153,9.145000133737922,0.24361523985862732
1154,8.988000131845475,0.2525487542152405
1155,9.135000133737922,0.2662948668003082
1156,9.018000132292508,0.21021336317062378
1157,9.087000133171678,0.3620339334011078
1158,9.257000135406852,0.19332091510295868
1159,9.703000140562654,0.27077794075012207
1160,9.695000140592455,0.31869497895240784
1161,9.874000142663718,0.3388299345970154
1162,9.446000137478114,0.307511568069458
1163,9.62000013962388,0.273296594619751
1164,9.499000138118863,0.2414465993642807
1165,9.315000135973095,0.2147788107395172
1166,9.392000136822462,0.2733786106109619
1167,9.20400013461709,0.22145406901836395
1168,9.008000132143497,0.23520135879516602
1169,9.022000132352114,0.24951918423175812
1170,8.978000131845475,0.34274888038635254
1171,9.572000138908624,0.2662953734397888
1172,9.854000142365694,0.24771761894226074
1173,9.952000143527984,0.38424554467201233
1174,10.310000147670507,0.33761104941368103
1175,10.295000147596001,0.28483083844184875
1176,10.15100014589727,0.2684444785118103
1177,10.21300014667213,0.2555847764015198
1178,10.133000145629047,0.301143616437912
1179,10.259000147208571,0.18598268926143646
1180,9.880000142902135,0.3220866918563843
1181,10.010000144392253,0.3990318179130554
1182,9.826000142246485,0.3706001043319702
1183,10.294000147730111,0.33203038573265076
1184,10.354000148326158,0.3024616539478302
1185,10.575000151023268,0.42950713634490967
1186,10.922000155001879,0.3469460606575012
1187,11.178000157922506,0.5178971886634827
1188,11.574000162482262,0.36413928866386414
1189,11.368000160306693,0.4951583445072174
1190,11.339000159874558,0.21146751940250397
1191,11.316000159531832,0.2748410403728485
1192,11.002000155746936,0.34810641407966614
1193,10.232000146657228,0.2770746648311615
1194,10.191000146344305,0.3499985635280609
1195,10.358000148236751,0.30586591362953186
1196,10.250000147223473,0.48459959030151367
1197,10.239000146910548,0.3755722939968109
1198,9.812000141590834,0.3032345771789551
1199,9.666000139862298,0.3180346190929413
1200,9.627000139430166,0.23892436921596527
1201,9.671000139936805,0.3001396358013153
1202,9.82600014179945,0.2442377507686615
1203,10.215000146254898,0.3039761781692505
1204,9.823000141605736,0.38189759850502014
1205,9.9000001424551,0.438246488571167
1206,10.089000144824386,0.44037654995918274
1207,9.883000142648816,0.4442431926727295
1208,10.462000149637461,0.2914693355560303
1209,10.823000153824687,0.3215761184692383
1210,10.680000152140856,0.24442073702812195
1211,10.584000151008368,0.34964412450790405
1212,10.359000148400664,0.2741263806819916
1213,9.940000143498182,0.3072373569011688
1214,9.95600014358759,0.20800727605819702
1215,9.854000142365694,0.24021105468273163
1216,9.765000141188501,0.25914445519447327
1217,9.884000142514706,0.2559117078781128
1218,9.460000137537717,0.38285428285598755
1219,9.600000139027834,0.3913183808326721
1220,9.985000143423676,0.299939900636673
1221,10.013000143840909,0.2989097535610199
1222,9.93500014297664,0.3693734109401703
1223,10.135000145360827,0.33077460527420044
1224,10.12000014528632,0.2918672263622284
1225,9.991000143662095,0.22240960597991943
1226,10.13700014539063,0.25259265303611755
1227,10.221000146344304,0.3691522479057312
1228,10.576000150591135,0.4362924098968506
1229,10.035000144019723,0.25850799679756165
1230,10.030000143945218,0.23869308829307556
1231,9.960000143200158,0.19262811541557312
1232,10.046000144034624,0.28446733951568604
1233,9.901000142470002,0.3506736755371094
1234,9.744000140428543,0.3349732458591461
1235,9.647000139430165,0.22210288047790527
1236,9.29500013537705,0.21225477755069733
1237,9.114000133275987,0.34822535514831543
1238,9.174000134170056,0.1617712676525116
1239,9.388000136613845,0.205237478017807
1240,9.664000139832497,0.28466325998306274
1241,9.278000135272741,0.236480712890625
1242,9.475000137612223,0.3321467339992523
1243,9.332000136077404,0.30243104696273804
1244,9.83300014205277,0.3475675880908966
1245,9.800000141710044,0.29556363821029663
1246,9.908000142872334,0.23027189075946808
1247,10.132000145614148,0.33498290181159973
1248,10.446000149399042,0.3247964084148407
1249,10.056000144928694,0.256387323141098
1250,9.729000141099096,0.3816887438297272
1251,9.819000142291188,0.1883850395679474
1252,9.86600014284253,0.17592673003673553
1253,9.602000139802694,0.2418995499610901
1254,9.681000140681864,0.2665371894836426
1255,9.884000143110752,0.2976812720298767
1256,9.597000139728188,0.25845715403556824
1257,9.30700013615191,0.3263072967529297
1258,9.192000134736299,0.2775590717792511
1259,9.294000135809183,0.14067578315734863
1260,9.428000137358904,0.2614772319793701
1261,9.187000134512783,0.20871996879577637
1262,9.126000133752823,0.2023141086101532
1263,9.350000136345624,0.28592121601104736
1264,9.291000135615468,0.4175882637500763
1265,9.20400013461709,0.2453555464744568
1266,9.121000133827328,0.31960442662239075
1267,9.410000137239695,0.38464421033859253
1268,10.128000145703554,0.32125124335289
1269,10.181000146344305,0.27990517020225525
1270,10.17200014591217,0.351721853017807
1271,10.263000146970153,0.3091234266757965
1272,10.2180001462996,0.25522905588150024
1273,10.530000150054693,0.21070712804794312
1274,10.536000149995088,0.26071757078170776
1275,10.588000150769949,0.31240764260292053
1276,10.960000155121088,0.4077797830104828
1277,10.427000148668885,0.2993036210536957
1278,10.208000146001577,0.27194321155548096
1279,10.230000146329402,0.3333960771560669
1280,10.502000149786472,0.31608009338378906
1281,10.66800015166402,0.3805594742298126
1282,10.29700014732778,0.3196822702884674
1283,10.229000146463513,0.36192962527275085
1284,10.37000014796853,0.31273141503334045
1285,10.46700014911592,0.30112698674201965
1286,10.161000145599246,0.37972119450569153
1287,10.26200014680624,0.2288806140422821
1288,10.305000147297978,0.27394261956214905
1289,10.14600014552474,0.46832746267318726
1290,10.339000147655605,0.235964834690094
1291,10.250000146478415,0.46194520592689514
1292,10.05900014437735,0.3683616816997528
1293,10.028000144213438,0.33864453434944153
1294,10.085000144913792,0.3000370264053345
1295,10.09500014476478,0.2891641855239868
1296,10.292000147104263,0.29491159319877625
1297,10.108000144958496,0.26460400223731995
1298,10.22400014653802,0.3885769844055176
1299,9.96700014360249,0.25106948614120483
1300,9.961000143662096,0.238099604845047
1301,10.192000146508217,0.30208301544189453
1302,10.628000151515007,0.34017667174339294
1303,10.435000149086118,0.2328033745288849
1304,10.23300014682114,0.2047615647315979
1305,9.897000143006444,0.2580357491970062
1306,9.733000140860677,0.27962079644203186
1307,9.681000140234827,0.34679239988327026
1308,9.101000133231283,0.2788323163986206
1309,8.6820001283288,0.17444618046283722
1310,8.390000125020743,0.19265030324459076
1311,8.568000127226114,0.184022918343544
1312,8.940000131577253,0.26829004287719727
1313,8.770000129640103,0.2701633870601654
1314,8.609000127837062,0.28266197443008423
1315,8.392000125348568,0.2873654067516327
1316,8.639000128284097,0.18817941844463348
1317,8.947000131830572,0.1960328221321106
1318,9.26500013552606,0.34516361355781555
1319,9.409000137075783,0.2783295214176178
1320,8.822000129967927,0.36608177423477173
1321,8.772000129371882,0.25780293345451355
1322,9.070000132620335,0.22534257173538208
1323,9.23300013460219,0.2793760299682617
1324,9.2630001347512,0.1944105625152588
1325,9.771000140681863,0.3469136953353882
1326,9.959000142887234,0.30440574884414673
1327,9.989000143036247,0.2874470055103302
1328,9.707000139728189,0.22370484471321106
1329,9.761000140383839,0.33875250816345215
1330,10.298000146746636,0.29059547185897827
1331,10.149000144973398,0.21927043795585632
1332,10.177000145390629,0.25548112392425537
1333,10.388000147938728,0.3468972146511078
1334,10.707000151649117,0.2290744185447693
1335,9.968000143170357,0.3327999413013458
1336,10.115000144913793,0.38761579990386963
1337,10.277000146880745,0.236345112323761
1338,10.045000144019722,0.24853643774986267
1339,10.284000146836043,0.20937111973762512
1340,10.223000146225095,0.26288172602653503
1341,10.079000144377352,0.2512839436531067
1342,9.888000141978264,0.27059462666511536
1343,9.64400013923645,0.2562564015388489
1344,10.134000145047903,0.34173429012298584
1345,10.365000147596001,0.42349904775619507
1346,9.909000142440199,0.41236796975135803
1347,9.98700014360249,0.27983760833740234
1348,9.941000143066049,0.278178870677948
1349,9.728000140488147,0.2534950375556946
1350,9.826000141501426,0.29801028966903687
1351,10.000000143498182,0.3460313379764557
1352,10.196000146120786,0.3218739926815033
1353,10.20900014616549,0.24207420647144318
1354,9.979000143483281,0.2837338149547577
1355,10.001000143811106,0.32201486825942993
1356,10.145000145509838,0.32742664217948914
1357,10.191000146046282,0.33204105496406555
1358,10.883000154271722,0.2614968717098236
1359,10.58000015065074,0.3384655714035034
1360,10.88000015437603,0.29470112919807434
1361,10.908000154793262,0.30186188220977783
1362,10.874000154286623,0.2819296419620514
1363,10.733000152632593,0.2858143150806427
1364,10.332000147849321,0.2896435856819153
1365,10.601000150963664,0.30864381790161133
1366,10.799000153318048,0.2289060652256012
1367,10.018000144213438,0.3810027241706848
1368,9.877000142559409,0.413135826587677
1369,10.189000146314502,0.2745905816555023
1370,10.64700015179813,0.32369646430015564
1371,10.16900014616549,0.4320421814918518
1372,10.140000145882368,0.3690530061721802
1373,10.24800014719367,0.2698105573654175
1374,10.838000154197216,0.28153350949287415
1375,11.008000156134367,0.3960718810558319
1376,10.749000152871012,0.24869096279144287
1377,10.904000154733659,0.25259897112846375
1378,10.956000155359506,0.3888072669506073
1379,10.680000152140856,0.2622881233692169
1380,10.231000146642327,0.2697139382362366
1381,10.679000151976943,0.32061731815338135
1382,10.746000152677297,0.34657227993011475
1383,10.24300014682114,0.30239883065223694
1384,10.005000144019723,0.40184348821640015
1385,10.248000147044658,0.3466489613056183
1386,10.387000148668886,0.3019036054611206
1387,10.566000150740146,0.4486212134361267
1388,10.583000150844455,0.2637489140033722
1389,10.690000152140856,0.28481683135032654
1390,10.567000150755048,0.28832292556762695
1391,11.01100015603006,0.3511123061180115
1392,10.746000152826308,0.27853676676750183
1393,10.881000154241919,0.28655508160591125
1394,10.628000151365995,0.30660009384155273
1395,10.358000148236751,0.3641492426395416
1396,10.315000147745014,0.2220979630947113
1397,9.95800014346838,0.24522317945957184
1398,9.725000140741468,0.33543258905410767
1399,9.606000139266252,0.2638836205005646
1400,9.182000134438276,0.16425801813602448
1401,9.288000135719777,0.3329789340496063
1402,9.329000136330723,0.24406659603118896
1403,9.485000138208271,0.2383156418800354
1404,9.681000140234827,0.35370343923568726
1405,9.921000143066049,0.2732187509536743
1406,9.992000143826008,0.2768859267234802
1407,10.262000147104263,0.36878517270088196
1408,10.24300014682114,0.30449315905570984
1409,10.327000147774816,0.1850353628396988
1410,10.676000151634216,0.39953482151031494
1411,10.893000154271721,0.24219545722007751
1412,10.556000150293112,0.3390980362892151
1413,10.661000151410699,0.2547634541988373
1414,10.681000151857734,0.21331414580345154
1415,10.424000148922206,0.37225475907325745
1416,10.275000147148967,0.24686923623085022
1417,10.23300014667213,0.34464511275291443
1418,10.47200014948845,0.2538965940475464
1419,10.49100014977157,0.2269641011953354
1420,10.11600014552474,0.2754867374897003
1421,10.353000148162245,0.2670458257198334
1422,10.674000151902437,0.3165533244609833
1423,10.69300015218556,0.3552224934101105
1424,10.404000148773193,0.41059809923171997
1425,10.555000150427222,0.3143668472766876
1426,10.535000150278211,0.4600224494934082
1427,10.512000149786472,0.2472103089094162
1428,10.391000148430466,0.3009275794029236
1429,10.380000148266554,0.3678980767726898
1430,10.729000152274967,0.29736900329589844
1431,10.476000149399042,0.28435638546943665
1432,10.636000151336193,0.32065579295158386
1433,10.286000147163868,0.17138130962848663
1434,10.501000149473548,0.24004359543323517
1435,10.598000150620937,0.2670208811759949
1436,10.269000146612525,0.326198011636734
1437,10.607000150755049,0.23605532944202423
1438,10.764000152647496,0.25062769651412964
1439,10.276000146865846,0.2197512537240982
1440,10.411000148579479,0.20105288922786713
1441,10.085000144466758,0.38886260986328125
1442,10.346000147461892,0.45551151037216187
1443,10.614000150710345,0.2834530472755432
1444,10.505000149682164,0.216886505484581
1445,10.415000148639082,0.39106085896492004
1446,10.504000149667263,0.20860503613948822
1447,10.381000147983432,0.25263237953186035
1448,10.362000147700309,0.3060474097728729
1449,10.18600014552474,0.2795642912387848
1450,9.674000139534474,0.27632826566696167
1451,9.10500013269484,0.1831689476966858
1452,8.916000130474567,0.19772504270076752
1453,8.817000129297377,0.12053970247507095
1454,8.768000128716231,0.250998854637146
1455,8.950000131130219,0.277852326631546
1456,9.096000133007765,0.23706446588039398
1457,8.954000131189822,0.16037742793560028
1458,9.149000133648515,0.17117810249328613
1459,9.518000138252974,0.26535555720329285
1460,9.873000142499805,0.3136155605316162
1461,10.031000144407153,0.196912482380867
1462,9.951000143364071,0.2350609451532364
1463,10.042000144422055,0.18316665291786194
1464,9.821000141873956,0.21391071379184723
1465,9.529000138267875,0.21035730838775635
1466,9.521000138297676,0.15167613327503204
1467,9.62200013935566,0.14669962227344513
1468,9.464000137597322,0.20440548658370972
1469,9.025000132396817,0.14411519467830658
1470,9.058000132739544,0.24918563663959503
1471,9.321000135913492,0.23151156306266785
1472,9.32000013589859,0.13417662680149078
1473,9.39100013665855,0.21186426281929016
1474,9.575000138804317,0.34514009952545166
1475,9.831000141873956,0.3083615005016327
1476,9.739000140950084,0.311829537153244
1477,9.830000142008066,0.23888354003429413
1478,9.668000140041112,0.279319167137146
1479,9.503000137880445,0.3763349652290344
1480,9.646000139862299,0.3663184642791748
1481,9.867000142410397,0.3488655686378479
1482,10.042000144273043,0.2982960045337677
1483,9.930000142902136,0.2871728539466858
1484,10.185000145807862,0.22579361498355865
1485,10.037000144049525,0.2693334221839905
1486,10.286000146865845,0.3403269946575165
1487,10.241000146344303,0.27343472838401794
1488,10.492000149339438,0.28252846002578735
1489,10.864000153839589,0.4542112946510315
1490,10.582000150531531,0.41896864771842957
1491,10.806000153124332,0.23031175136566162
1492,10.354000148028135,0.3158746659755707
1493,10.21400014653802,0.3647814393043518
1494,9.91200014308095,0.2454272210597992
1495,9.830000142008066,0.2408851534128189
1496,9.694000140428543,0.3483789563179016
1497,10.022000144422055,0.2659834921360016
1498,10.55200015053153,0.3185034394264221
1499,10.494000149816275,0.33769071102142334
1500,10.869000153914094,0.3240326941013336
1501,10.697000151798129,0.4189181327819824
1502,10.891000153943896,0.3116660416126251
1503,10.769000152423978,0.252299040555954
1504,11.227000157758594,0.4111643135547638
1505,11.167000157013536,0.2214493304491043
1506,11.149000156894326,0.3630281090736389
1507,11.325000158920885,0.2969227433204651
1508,11.151000156924129,0.32745471596717834
1509,10.870000153630972,0.34662315249443054
1510,10.618000150918961,0.3109312653541565
1511,11.12200015693903,0.3107079565525055
1512,11.61000016272068,0.28468605875968933
1513,11.688000163733959,0.4149709939956665
1514,11.852000165730715,0.2645029127597809
1515,11.974000167250633,0.31377479434013367
1516,12.124000169038773,0.2675750255584717
1517,12.383000172153116,0.3573992848396301
1518,12.288000170886516,0.3496612012386322
1519,11.592000162750482,0.3981785476207733
1520,11.617000163123011,0.29721835255622864
1521,11.615000162944197,0.26155179738998413
1522,11.13600015744567,0.3741617202758789
1523,10.884000154435634,0.3237430453300476
1524,11.194000158160925,0.3931216895580292
1525,11.270000159144402,0.48067575693130493
1526,11.857000165954233,0.3838194012641907
1527,11.470000161379575,0.43462881445884705
1528,11.406000160723925,0.26850616931915283
1529,11.559000162556767,0.4468435049057007
1530,11.954000167101622,0.35438990592956543
1531,12.149000169411302,0.5817589163780212
1532,12.886000178158284,0.5573962330818176
1533,13.122000180929899,0.2510826289653778
1534,12.81300017721951,0.38660937547683716
1535,12.479000173285604,0.4400818645954132
1536,12.83100017733872,0.3747105002403259
1537,12.583000174388289,0.3827131986618042
1538,12.45100017271936,0.3294122517108917
1539,12.263000170364975,0.3112609088420868
1540,12.041000167801975,0.3688412308692932
1541,11.932000166475772,0.3012790381908417
1542,11.884000165909528,0.3304842710494995
1543,11.457000160887837,0.2707042992115021
1544,11.12100015692413,0.29205426573753357
1545,11.293000159040094,0.3095017373561859
1546,11.399000160172582,0.23333418369293213
1547,11.031000155881047,0.30745336413383484
1548,10.524000149965286,0.24811923503875732
1549,10.449000149294735,0.3249603807926178
1550,10.69400015205145,0.27094531059265137
1551,11.133000157251955,0.42526233196258545
1552,11.157000157609582,0.3680601418018341
1553,11.448000160902739,0.3178739845752716
1554,11.435000160858035,0.37943899631500244
1555,11.281000159010292,0.2713177800178528
1556,11.26300015874207,0.34955716133117676
1557,11.276000159084797,0.3831135034561157
1558,11.463000161275268,0.282755970954895
1559,11.76700016491115,0.3028556704521179
1560,12.016000167876483,0.3156049847602844
1561,12.420000172704459,0.3695385456085205
1562,12.118000169098377,0.33824580907821655
1563,11.751000164821743,0.35831502079963684
1564,11.221000158712268,0.4499930739402771
1565,10.97400015577674,0.30348172783851624
1566,10.723000152930616,0.38985830545425415
1567,10.684000152349473,0.3007599711418152
1568,10.349000148400664,0.3102036416530609
1569,9.851000142619014,0.39716610312461853
1570,9.811000142171979,0.24929243326187134
1571,9.70700014092028,0.35623669624328613
1572,9.806000142097473,0.32691115140914917
1573,9.940000143647193,0.23805198073387146
1574,9.959000143781305,0.40413159132003784
1575,10.156000145971776,0.26763632893562317
1576,10.316000147759915,0.3419436812400818
1577,10.564000150710344,0.2742973566055298
1578,10.58800015091896,0.29771193861961365
1579,10.826000153571368,0.27686983346939087
1580,10.627000151202083,0.28318163752555847
1581,10.512000149935483,0.2936279773712158
1582,10.197000146135688,0.31998932361602783
1583,10.513000149801373,0.3319261968135834
1584,10.624000151157379,0.4237615466117859
1585,10.663000151738524,0.2818971276283264
1586,10.653000151738524,0.2927255928516388
1587,10.262000147104263,0.24683339893817902
1588,10.50000014990568,0.3208802342414856
1589,10.608000151216984,0.25411438941955566
1590,10.763000152930617,0.3187374472618103
1591,10.496000149697066,0.2652985751628876
1592,10.718000152260066,0.332933634519577
1593,10.357000148072839,0.29943788051605225
1594,10.5350001501292,0.32436567544937134
1595,10.936000154912472,0.353811115026474
1596,11.169000157490373,0.2690920829772949
1597,11.351000159606338,0.36930906772613525
1598,11.560000162124634,0.2809191048145294
1599,11.587000162526966,0.43452948331832886
1600,11.380000160187484,0.35946184396743774
1601,11.401000160351396,0.34383973479270935
1602,11.482000161260366,0.3425123691558838
1603,11.086000156551599,0.25455135107040405
1604,11.243000158444048,0.19955438375473022
1605,10.502000149488449,0.27784115076065063
1606,10.440000148713589,0.2146201729774475
1607,10.740000152289868,0.3177695572376251
1608,10.504000149518252,0.37242817878723145
1609,10.182000145763158,0.2123841494321823
1610,10.353000147566199,0.31126871705055237
1611,10.277000146880745,0.24615564942359924
1612,10.382000148296356,0.37878894805908203
1613,10.724000152498483,0.3014667332172394
1614,11.046000156253577,0.39026352763175964
1615,11.409000160470605,0.3650175929069519
1616,11.703000163957476,0.3330419957637787
1617,12.269000170752406,0.5187311172485352
1618,12.580000174343587,0.43084579706192017
1619,11.99800016745925,0.4404478967189789
1620,12.03500016786158,0.32468822598457336
1621,12.425000172331929,0.4834325313568115
1622,12.465000172927976,0.33456385135650635
1623,12.516000173538924,0.40607643127441406
1624,12.324000171124935,0.48628395795822144
1625,11.859000165537,0.3364487886428833
1626,11.519000161662698,0.22238075733184814
1627,11.002000155597925,0.3537871241569519
1628,10.950000155121089,0.26094746589660645
1629,11.230000158399344,0.4162302315235138
1630,11.655000163391232,0.41376498341560364
1631,12.036000167876482,0.3110913932323456
1632,11.718000164180994,0.3117516040802002
1633,11.735000164434314,0.5827991962432861
1634,11.31500015936792,0.32964542508125305
1635,11.117000157311558,0.39816203713417053
1636,11.446000161170959,0.30301541090011597
1637,11.651000163480639,0.49294835329055786
1638,11.586000162661076,0.505456268787384
1639,11.378000160157681,0.3552663028240204
1640,11.488000161349774,0.3639068305492401
1641,10.927000154778362,0.3921058475971222
1642,10.559000150337816,0.3295297920703888
1643,10.548000150173902,0.23481036722660065
1644,10.656000151634217,0.3657805025577545
1645,10.510000149905682,0.3742322623729706
1646,10.450000149309636,0.3578247129917145
1647,10.17800014615059,0.3360822796821594
1648,10.094000145196915,0.28636428713798523
1649,9.588000139296055,0.35003596544265747
1650,9.47700013808906,0.3172807991504669
1651,9.818000142127275,0.29047122597694397
1652,9.935000143572688,0.3744008541107178
1653,9.951000143811108,0.31899696588516235
1654,10.230000147074461,0.3922291398048401
1655,10.424000149220229,0.5348561406135559
1656,10.121000145599247,0.47115060687065125
1657,10.58700015105307,0.26384615898132324
1658,10.987000155821443,0.46653932332992554
1659,11.110000157356263,0.26248612999916077
1660,10.776000153422356,0.43966060876846313
1661,10.609000151529909,0.4455925524234772
1662,10.756000153124333,0.4035945534706116
1663,10.726000152677297,0.29643741250038147
1664,10.795000153407454,0.5073329210281372
1665,11.063000156655908,0.4282483160495758
1666,11.317000159546733,0.4177415072917938
1667,10.736000152677297,0.39000481367111206
1668,10.33100014783442,0.3404494822025299
1669,10.246000146865844,0.3109700381755829
1670,10.348000147938729,0.3805703818798065
1671,10.073000144734978,0.3274270296096802
1672,10.054000144451857,0.3204326927661896
1673,9.481000137850643,0.3275700807571411
1674,9.174000134170056,0.21698211133480072
1675,9.157000133916736,0.2990289330482483
1676,9.620000139325857,0.18569383025169373
1677,9.71200014024973,0.3020423352718353
1678,9.874000142216682,0.315883070230484
1679,9.99700014360249,0.2506760060787201
1680,10.361000147983432,0.29745692014694214
1681,10.323000147417188,0.2383899837732315
1682,10.255000146701931,0.2122035175561905
1683,10.535000149831175,0.2656024098396301
1684,10.692000151723624,0.3478240668773651
1685,10.451000149026513,0.2462611198425293
1686,10.241000146642328,0.25288325548171997
1687,9.985000143870712,0.22125303745269775
1688,10.213000146523118,0.24723519384860992
1689,9.65600014001131,0.3998774588108063
1690,9.990000143945217,0.43662601709365845
1691,10.041000144556165,0.3037969768047333
1692,10.481000149771571,0.40383458137512207
1693,10.434000149220228,0.34150925278663635
1694,10.446000149399042,0.34356868267059326
1695,10.71100015245378,0.22726121544837952
1696,11.095000156834722,0.2986525893211365
1697,10.955000155046582,0.3488064408302307
1698,10.931000154539943,0.3760525584220886
1699,10.962000154852866,0.25100237131118774
1700,11.196000157743692,0.3280702233314514
1701,11.689000163599848,0.32346758246421814
1702,11.12200015693903,0.3300020098686218
1703,11.226000158041716,0.4679263234138489
1704,11.472000160813332,0.3432103395462036
1705,11.070000156015158,0.3263772428035736
1706,10.987000155225395,0.2852405905723572
1707,11.343000159487127,0.37421613931655884
1708,11.262000158578157,0.3699502944946289
1709,11.60100016273558,0.26712045073509216
1710,11.162000157535076,0.3679632246494293
1711,10.427000148817896,0.2568218410015106
1712,10.662000151574611,0.3701978623867035
1713,10.529000150039792,0.1773388534784317
1714,10.591000150814653,0.3284081816673279
1715,10.763000152781606,0.2734987139701843
1716,10.320000147670507,0.32064613699913025
1717,10.557000150457025,0.27563783526420593
1718,10.481000149473548,0.29365402460098267
1719,10.39400014847517,0.28663286566734314
1720,10.512000149935483,0.17660070955753326
1721,10.747000152692198,0.2790556848049164
1722,10.872000154107809,0.3844224810600281
1723,10.803000153377653,0.34980836510658264
1724,10.785000153258443,0.5073937177658081
1725,10.905000154748558,0.19593319296836853
1726,11.124000157266856,0.39747634530067444
1727,11.410000160485506,0.3702000379562378
1728,11.203000157997012,0.3330664038658142
1729,11.691000163629651,0.32447728514671326
1730,11.968000166863202,0.24381360411643982
1731,11.925000166073442,0.2959878444671631
1732,11.946000166386366,0.31026795506477356
1733,11.618000162541867,0.2937999367713928
1734,11.518000161200762,0.2887350618839264
1735,11.289000158384443,0.1808871328830719
1736,11.069000155851246,0.32281550765037537
1737,11.233000157997012,0.20104852318763733
1738,11.398000159859658,0.37815728783607483
1739,10.779000152722,0.506676971912384
1740,11.013000155612826,0.2687535583972931
1741,11.060000156313182,0.1895337849855423
1742,11.295000159218908,0.3163573145866394
1743,11.02200015604496,0.31325674057006836
1744,10.934000155031681,0.2514009475708008
1745,11.096000156998635,0.2333652228116989
1746,11.30600015938282,0.3334013521671295
1747,11.09400015681982,0.3356298804283142
1748,10.947000155076385,0.24380941689014435
1749,10.563000150546431,0.338371217250824
1750,10.393000148460269,0.3011850118637085
1751,10.34900014795363,0.14651840925216675
1752,9.983000143691898,0.3675759434700012
1753,10.380000148266554,0.26682132482528687
1754,10.274000147134066,0.19033025205135345
1755,10.102000145018101,0.35039669275283813
1756,10.107000145241619,0.35308539867401123
1757,10.129000145569444,0.2652543783187866
1758,9.995000143870712,0.3073263466358185
1759,10.06600014463067,0.22380222380161285
1760,9.779000141397118,0.22638334333896637
1761,10.189000146314502,0.3435676395893097
1762,10.302000147551299,0.25234663486480713
1763,9.908000142872334,0.2522558271884918
1764,10.034000144153833,0.36086297035217285
1765,10.47300014935434,0.2745794355869293
1766,10.784000152945518,0.2597031891345978
1767,11.109000156745315,0.19938884675502777
1768,11.042000155895948,0.403316468000412
1769,11.621000162735582,0.30971479415893555
1770,11.643000162914396,0.5124489068984985
1771,11.79800016477704,0.4421958327293396
1772,10.95600015476346,0.45949655771255493
1773,10.793000152930617,0.19065293669700623
1774,11.090000156462192,0.36640381813049316
1775,11.077000156268477,0.19597956538200378
1776,10.692000151723624,0.18632851541042328
1777,10.31500014744699,0.34175702929496765
1778,10.762000152617693,0.3058173358440399
1779,10.212000146210194,0.36915910243988037
1780,10.331000147685408,0.35619959235191345
1781,10.39400014847517,0.17844954133033752
1782,10.647000151351094,0.34745484590530396
1783,11.076000156402587,0.4376266896724701
1784,12.014000167250634,0.3247557580471039
1785,12.004000167101621,0.2878926992416382
1786,12.03800016745925,0.27754807472229004
1787,12.407000171765684,0.4953097701072693
1788,12.834000176936389,0.36446037888526917
1789,12.739000175669789,0.4422229528427124
1790,12.769000176116824,0.31091004610061646
1791,12.857000177130104,0.2308066189289093
1792,12.683000174984336,0.3693138062953949
1793,13.154000180512666,0.3197304308414459
1794,13.319000182524324,0.28469541668891907
1795,13.056000179350375,0.3885451555252075
1796,12.382000171542167,0.4261213541030884
1797,12.21600016951561,0.3311692774295807
1798,11.909000165835023,0.42806291580200195
1799,11.603000162169337,0.37381860613822937
1800,11.887000165507198,0.43744775652885437
1801,11.653000162765384,0.24049070477485657
1802,11.776000164300203,0.26668834686279297
1803,12.00400016695261,0.35568755865097046
1804,11.724000163674354,0.3811325132846832
1805,11.574000161886214,0.3997800648212433
1806,11.458000160604715,0.33228060603141785
1807,11.102000156491995,0.4251333177089691
1808,11.385000159963965,0.33373260498046875
1809,11.807000165060163,0.27624836564064026
1810,11.784000164866448,0.27277854084968567
1811,11.49100016154349,0.3393738269805908
1812,11.693000163957477,0.44386109709739685
1813,11.405000160560013,0.3291587233543396
1814,11.379000160321594,0.2328069508075714
1815,11.81100016541779,0.4065724313259125
1816,11.84500016592443,0.32498717308044434
1817,11.744000164717436,0.3799002766609192
1818,11.681000164076686,0.39008641242980957
1819,11.660000163763762,0.25386208295822144
1820,11.653000163659453,0.2923373281955719
1821,11.541000162288547,0.2568948566913605
1822,11.374000160396099,0.296229749917984
1823,11.248000158816575,0.3043048083782196
1824,11.215000158324838,0.38385751843452454
1825,10.770000153034925,0.29991599917411804
1826,10.980000155568122,0.2728273272514343
1827,11.078000156581401,0.2964978814125061
1828,11.304000159204007,0.34019240736961365
1829,11.99200016722083,0.4588983654975891
1830,12.149000169113279,0.39326056838035583
1831,11.702000163793564,0.3856658637523651
1832,11.604000162631273,0.34713801741600037
1833,11.745000164136291,0.26190322637557983
1834,11.54000016182661,0.4186667203903198
1835,11.919000166282057,0.30358555912971497
1836,12.48800017297268,0.39342227578163147
1837,11.833000165149569,0.3664376735687256
1838,11.68100016348064,0.2971048951148987
1839,11.744000164270401,0.2506530284881592
1840,10.94400015488267,0.2713318467140198
1841,10.896000154316425,0.24288193881511688
1842,11.477000161185861,0.36374229192733765
1843,11.737000164315104,0.3722168505191803
1844,11.872000166028737,0.3732326328754425
1845,12.035000168010592,0.5121512413024902
1846,11.052000156491994,0.2754800319671631
1847,11.16400015771389,0.3137567341327667
1848,11.286000159233808,0.3147518038749695
1849,11.27900015898049,0.3421558737754822
1850,11.567000162377953,0.3462740182876587
1851,11.931000166609884,0.31863731145858765
1852,12.029000167921186,0.27697688341140747
1853,11.647000163421035,0.3093818724155426
1854,11.651000163331627,0.22873708605766296
1855,11.733000164106489,0.2982441782951355
1856,11.62000016272068,0.3643384873867035
1857,11.52500016145408,0.27770179510116577
1858,11.41700016029179,0.2783224284648895
1859,11.449000160768628,0.2195166051387787
1860,11.34300015963614,0.28353914618492126
1861,10.972000155299902,0.16158117353916168
1862,11.40600016027689,0.4137994349002838
1863,11.535000161752105,0.3699723184108734
1864,11.865000165626407,0.2290680706501007
1865,11.868000165671111,0.44531890749931335
1866,11.931000166460871,0.24454449117183685
1867,12.096000168472528,0.2921670079231262
1868,12.414000172317028,0.4077969491481781
1869,12.493000173196197,0.38704073429107666
1870,12.376000171899795,0.3050600588321686
1871,12.200000169873238,0.31844764947891235
1872,12.377000171914696,0.2941698729991913
1873,12.126000169068575,0.31252923607826233
1874,11.13600015744567,0.4512680172920227
1875,10.982000155746936,0.1588233858346939
1876,10.879000154510141,0.34390872716903687
1877,11.00100015603006,0.3450689911842346
1878,11.109000157341361,0.4849715232849121
1879,11.0570001565665,0.33387264609336853
1880,10.978000155687333,0.25320735573768616
1881,10.844000153988599,0.43791303038597107
1882,11.023000156059862,0.3458498418331146
1883,10.784000153243541,0.2772071659564972
1884,11.012000155895949,0.2765461504459381
1885,11.204000158011914,0.30091726779937744
1886,11.616000162810087,0.27991530299186707
1887,12.16000016912818,0.38981911540031433
1888,12.471000172719359,0.4017249047756195
1889,12.926000178009271,0.29675331711769104
1890,12.624000174552203,0.41023361682891846
1891,12.999000178948044,0.35200661420822144
1892,13.283000182285905,0.29584911465644836
1893,13.578000185787678,0.3951551616191864
1894,13.872000189125538,0.35233190655708313
1895,14.499000196531416,0.41936802864074707
1896,14.452000195980071,0.5026060938835144
1897,14.251000193580985,0.3467940092086792
1898,13.862000189125538,0.4660651385784149
1899,13.009000179097056,0.34067222476005554
1900,11.64500016309321,0.28270411491394043
1901,11.698000163733958,0.3196171224117279
1902,10.898000154346228,0.3372781276702881
1903,11.053000156208872,0.27329885959625244
1904,11.21800015822053,0.40845146775245667
1905,10.599000151082873,0.46358704566955566
1906,10.415000148937105,0.3807946741580963
1907,10.653000151738524,0.27806487679481506
1908,11.349000159874558,0.33169910311698914
1909,11.575000162348152,0.31992262601852417
1910,11.83000016540289,0.34092965722084045
1911,12.277000170722603,0.23765279352664948
1912,12.669000175371766,0.3910221755504608
1913,12.954000178724527,0.3728763163089752
1914,13.033000179603697,0.41375184059143066
1915,13.448000184446574,0.3270144462585449
1916,13.052000179737806,0.43100282549858093
1917,13.08400017991662,0.4218882620334625
1918,13.447000184282661,0.28029900789260864
1919,13.338000182956456,0.43042996525764465
1920,13.578000185787678,0.34171754121780396
1921,13.438000184297561,0.4696178734302521
1922,12.794000176936388,0.471651554107666
1923,12.747000176385045,0.46682459115982056
1924,12.472000173032283,0.49065494537353516
1925,12.579000174328685,0.4041937589645386
1926,12.297000171020628,0.41332322359085083
1927,12.200000169724227,0.33642780780792236
1928,12.036000167876482,0.3970857560634613
1929,10.997000155672431,0.36310049891471863
1930,10.65100015155971,0.3601197600364685
1931,10.526000149995088,0.125346377491951
1932,10.441000149026513,0.38796502351760864
1933,10.384000148326159,0.24545219540596008
1934,10.276000147014857,0.3166564404964447
1935,9.8990001424402,0.28452980518341064
1936,9.70400014027953,0.22712425887584686
1937,9.651000139936805,0.23585237562656403
1938,10.066000144779682,0.32268041372299194
1939,10.46200014948845,0.3154723644256592
1940,10.653000151738524,0.2895120084285736
1941,10.848000153899193,0.3917100429534912
1942,10.881000154241919,0.32341083884239197
1943,11.391000160053373,0.3724888265132904
1944,11.484000161141157,0.2896040380001068
1945,11.539000161960722,0.395036906003952
1946,11.517000161632895,0.31999921798706055
1947,11.878000165820122,0.422916054725647
1948,12.006000167429447,0.31180980801582336
1949,11.507000161483884,0.2899364233016968
1950,11.535000161752105,0.33588725328445435
1951,11.279000158831478,0.22343437373638153
1952,11.216000158190727,0.20561496913433075
1953,11.513000161722303,0.267157644033432
1954,11.576000162512065,0.2448868602514267
1955,11.83800016567111,0.36582502722740173
1956,11.818000165373087,0.3845036029815674
1957,12.3690001719445,0.3169589936733246
1958,12.20000017002225,0.4206293225288391
1959,12.169000169560313,0.31018534302711487
1960,12.226000170260669,0.43983933329582214
1961,12.465000173076987,0.25084972381591797
1962,12.607000174745917,0.2620302736759186
1963,12.39800017222762,0.2807645797729492
1964,12.34400017157197,0.434194415807724
1965,12.00700016759336,0.29195305705070496
1966,12.47800017297268,0.3671783208847046
1967,11.975000167116523,0.42847108840942383
1968,12.0610001681,0.5154845714569092
1969,11.825000165179372,0.3041808605194092
1970,11.85900016568601,0.38315966725349426
1971,11.611000162735582,0.4342775344848633
1972,11.907000166252255,0.5956331491470337
1973,11.943000166490673,0.2462836652994156
1974,12.038000167608262,0.4632137417793274
1975,11.901000166013837,0.3321746587753296
1976,12.41700017221272,0.40110155940055847
1977,11.718000163882971,0.33665528893470764
1978,11.911000166162848,0.34700652956962585
1979,12.265000170394778,0.340249627828598
1980,12.358000171482564,0.325680673122406
1981,11.994000167250633,0.40529218316078186
1982,11.898000166118145,0.26624852418899536
1983,11.800000164955854,0.3455917537212372
1984,11.672000163495541,0.3859832286834717
1985,11.783000164702536,0.4935075342655182
1986,12.140000168979167,0.3550494313240051
1987,11.603000162616372,0.4626181721687317
1988,11.879000165984035,0.3449501395225525
1989,11.44000016078353,0.2529423236846924
1990,11.298000159114599,0.3327189087867737
1991,11.453000160977245,0.24798212945461273
1992,11.408000160455703,0.2884292006492615
1993,11.783000164851547,0.3685656785964966
1994,11.577000162526964,0.464861124753952
1995,12.091000168547033,0.2541784644126892
1996,11.681000163778663,0.3429573178291321
1997,11.800000165104866,0.4213036000728607
1998,11.876000165939331,0.23882414400577545
1999,12.075000168308616,0.3761119544506073
